{"corpse_fish":{"width":16,"height":16,"show":false},"decrepit_skeleton":{"width":16,"height":16,"show":false},"decaying_zombie":{"width":16,"height":16,"show":false},"dread_hound":{"width":16,"height":16,"show":false},"swarmer":{"width":16,"height":16,"show":false},"baby_skeleton":{"width":16,"height":16,"show":false},"baby_skeleton_2":{"width":16,"height":16,"show":false},"barrel_zombie":{"width":16,"height":16,"show":false},"corpse_fly":{"width":16,"height":16,"show":false},"dark_vortex":{"width":16,"height":16,"show":false},"restless_spirit":{"width":16,"height":16,"show":false},"supreme_bonescaller":{"width":16,"height":16,"show":false},"bloody_gadfly":{"width":16,"height":16,"show":false},"bonescaller":{"width":16,"height":16,"show":false},"zombie_bruiser":{"width":16,"height":16,"show":false},"door_knight":{"width":16,"height":16,"show":false},"skeleton_thrasher":{"width":16,"height":16,"show":false},"zombie_fisherman":{"width":16,"height":16,"show":false},"zombie_clown":{"width":16,"height":16,"show":false},"phantom_creeper":{"width":16,"height":16,"show":false},"shy_spirit":{"width":16,"height":16,"show":false},"skeleton_demoman":{"width":16,"height":16,"show":false},"wither_scuttler":{"width":16,"height":16,"show":false},"maggot":{"width":16,"height":16,"show":false},"fallen_chaos_knight":{"width":16,"height":16,"show":false},"firelight_not_despawn":{"width":16,"height":16,"show":false},"bone_imp_minion":{"width":16,"height":16,"show":false},"glutton_fish":{"width":16,"height":16,"show":false},"phantom_creeper_copy":{"width":16,"height":16,"show":false},"pumpkin_spirit":{"width":16,"height":16,"show":false},"dire_hound_leader":{"width":16,"height":16,"show":false},"zombie_clown_not_despawn":{"width":16,"height":16,"show":false},"baby_skeleton_minion":{"width":16,"height":16,"show":false},"diamond_termite":{"width":16,"height":16,"show":false},"seared_spirit":{"width":16,"height":16,"show":true}}