{"snow_leopard":{"width":16,"height":16,"show":false},"crow":{"width":16,"height":16,"show":false},"froststalker":{"width":16,"height":16,"show":false},"cockroach":{"width":8,"height":20,"show":false},"bison":{"width":16,"height":16,"show":false},"fly":{"width":16,"height":16,"show":false},"centipede_body":{"width":16,"height":16,"show":false},"centipede_tail":{"width":16,"height":16,"show":false},"centipede_head":{"width":16,"height":16,"show":false},"raccoon":{"width":16,"height":16,"show":false},"catfish":{"width":16,"height":16,"show":false},"alligator_snapping_turtle":{"width":16,"height":16,"show":false},"crocodile":{"width":16,"height":16,"show":false},"shoebill":{"width":16,"height":16,"show":false},"blue_jay":{"width":16,"height":16,"show":false},"underminer":{"width":16,"height":16,"show":false},"grizzly_bear":{"width":16,"height":16,"show":false},"anaconda":{"width":16,"height":16,"show":false},"lobster":{"width":16,"height":16,"show":false},"seagull":{"width":16,"height":16,"show":false},"flutter":{"width":16,"height":16,"show":false},"orca":{"width":16,"height":16,"show":false},"tasmanian_devil":{"width":16,"height":16,"show":false},"skunk":{"width":16,"height":16,"show":false},"rocky_roller":{"width":16,"height":16,"show":false},"terrapin":{"width":16,"height":16,"show":false},"platypus":{"width":16,"height":16,"show":false},"sugar_glider":{"width":16,"height":16,"show":false},"flying_fish":{"width":16,"height":16,"show":false},"banana_slug":{"width":16,"height":16,"show":true}}