{"entity.minecraft.skeleton_horse":false,"entity.minecraft.creeper":false,"entity.minecraft.slime":false,"entity.minecraft.sniffer":false,"entity.minecraft.polar_bear":false,"entity.minecraft.pig":false,"entity.minecraft.blaze":false,"entity.minecraft.cod":false,"entity.minecraft.fox":false,"entity.minecraft.cat":false,"entity.minecraft.snow_golem":false,"entity.minecraft.salmon":false,"entity.minecraft.elder_guardian":false,"entity.minecraft.vex":false,"entity.minecraft.mule":false,"entity.minecraft.witch":false,"entity.minecraft.glow_squid":false,"entity.minecraft.illusioner":false,"entity.minecraft.wolf":false,"entity.minecraft.zombified_piglin":false,"entity.minecraft.pufferfish":false,"entity.minecraft.turtle":false,"entity.minecraft.sheep":false,"entity.minecraft.bee":false,"entity.minecraft.horse":false,"entity.minecraft.cow":false,"entity.minecraft.rabbit":false,"entity.minecraft.evoker":false,"entity.minecraft.stray":false,"entity.minecraft.parrot":false,"entity.minecraft.ocelot":false,"entity.minecraft.llama":false,"entity.minecraft.allay":false,"entity.minecraft.spider":false,"entity.minecraft.enderman":false,"entity.minecraft.goat":false,"entity.minecraft.mooshroom":false,"entity.minecraft.silverfish":false,"entity.minecraft.wither_skeleton":false,"entity.minecraft.ender_dragon":false,"entity.minecraft.wandering_trader":false,"entity.minecraft.bat":false,"entity.minecraft.warden":false,"entity.minecraft.zombie_villager":false,"entity.minecraft.squid":false,"entity.minecraft.piglin":false,"entity.minecraft.tropical_fish":false,"entity.minecraft.cave_spider":false,"entity.minecraft.guardian":false,"entity.minecraft.zombie":false,"entity.minecraft.zombie_horse":false,"entity.minecraft.panda":false,"entity.minecraft.ghast":false,"entity.minecraft.ravager":false,"entity.minecraft.shulker":false,"entity.minecraft.skeleton":false,"entity.minecraft.vindicator":false,"entity.minecraft.tadpole":false,"entity.minecraft.player":false,"entity.minecraft.trader_llama":false,"entity.minecraft.phantom":false,"entity.minecraft.axolotl":false,"entity.minecraft.villager":false,"entity.minecraft.magma_cube":false,"entity.minecraft.chicken":false,"entity.minecraft.camel":false,"entity.minecraft.iron_golem":false,"entity.minecraft.wither":false,"entity.minecraft.zoglin":false,"entity.minecraft.drowned":false,"entity.minecraft.frog":false,"entity.minecraft.piglin_brute":false,"entity.minecraft.husk":false,"entity.minecraft.dolphin":false,"entity.minecraft.donkey":false,"entity.minecraft.endermite":false,"entity.minecraft.hoglin":false,"entity.minecraft.pillager":false,"entity.minecraft.strider":false}